[{"model": "dcp.government", "pk": 1, "fields": {"name": "Deutschland", "name_short": "DEU", "created_date": "2016-07-02T11:29:16.977Z"}}, {"model": "dcp.government", "pk": 2, "fields": {"name": "Vereinigte Staaten", "name_short": "USA", "created_date": "2016-07-02T11:30:23.812Z"}}, {"model": "dcp.government", "pk": 3, "fields": {"name": "Frankreich", "name_short": "FRA", "created_date": "2016-07-02T11:30:45.050Z"}}, {"model": "dcp.ngo", "pk": 1, "fields": {"name": "Greenpeace", "name_short": "GRE", "created_date": "2016-07-02T11:16:34.424Z"}}, {"model": "dcp.ngo", "pk": 2, "fields": {"name": "Amnesty International", "name_short": "AMI", "created_date": "2016-07-02T11:17:19.206Z"}}, {"model": "dcp.ngo", "pk": 3, "fields": {"name": "Brot f\u00fcr die Welt", "name_short": "BRO", "created_date": "2016-07-02T11:17:49.809Z"}}, {"model": "dcp.ngo", "pk": 4, "fields": {"name": "World Wide Fund for Nature", "name_short": "WWF", "created_date": "2016-07-02T11:18:16.747Z"}}, {"model": "dcp.catastrophe", "pk": 1, "fields": {"title": "Erdbeben in Kreuzberg", "locationString": "70, Lobeckstra\u00dfe, Graefekiez, Kreuzberg, Friedrichshain-Kreuzberg, Berlin, 10969, Deutschland", "date_created": "2016-07-02T11:37:28.858Z", "location_x": 52.49973, "location_y": 13.40338, "radius": 4, "maxOutsideRadius": 3, "ngos": [], "governments": []}}, {"model": "dcp.catastrophe", "pk": 2, "fields": {"title": "Verseuchtes Trinkwasser in Spandau", "locationString": "21C, Fehrbelliner Stra\u00dfe, Spandau, Berlin, 13585, Deutschland", "date_created": "2016-07-02T11:38:43.809Z", "location_x": 52.5511, "location_y": 13.19921, "radius": 2, "maxOutsideRadius": 1, "ngos": [], "governments": []}}, {"model": "dcp.categorysgoods", "pk": "Infrarstruktur", "fields": {"glyphiconString": "glyphicon glyphicon-flash", "created_date": "2016-07-02T11:26:34.482Z"}}, {"model": "dcp.categorysgoods", "pk": "Lebensmittel", "fields": {"glyphiconString": "glyphicon glyphicon-grain", "created_date": "2016-07-02T11:18:56.309Z"}}, {"model": "dcp.categorysgoods", "pk": "Medizin", "fields": {"glyphiconString": "glyphicon  glyphicon-plus-sign", "created_date": "2016-07-02T11:28:45.833Z"}}, {"model": "dcp.categorysgoods", "pk": "Trinkwasser", "fields": {"glyphiconString": "glyphicon  glyphicon-tint", "created_date": "2016-07-02T11:23:22.926Z"}}, {"model": "dcp.categorysgoods", "pk": "Werkzeug", "fields": {"glyphiconString": "glyphicon glyphicon-wrench", "created_date": "2016-07-02T11:26:48.804Z"}}, {"model": "dcp.bump_relation", "pk": 1, "fields": {}}, {"model": "dcp.bump_relation", "pk": 2, "fields": {}}, {"model": "dcp.bump_relation", "pk": 3, "fields": {}}, {"model": "dcp.report_relation", "pk": 1, "fields": {}}, {"model": "contenttypes.contenttype", "pk": 1, "fields": {"app_label": "dcp", "model": "area"}}, {"model": "contenttypes.contenttype", "pk": 2, "fields": {"app_label": "dcp", "model": "government"}}, {"model": "contenttypes.contenttype", "pk": 3, "fields": {"app_label": "dcp", "model": "ngo"}}, {"model": "contenttypes.contenttype", "pk": 4, "fields": {"app_label": "dcp", "model": "governmentarea"}}, {"model": "contenttypes.contenttype", "pk": 5, "fields": {"app_label": "dcp", "model": "ngoarea"}}, {"model": "contenttypes.contenttype", "pk": 6, "fields": {"app_label": "dcp", "model": "catastrophe"}}, {"model": "contenttypes.contenttype", "pk": 7, "fields": {"app_label": "dcp", "model": "profile"}}, {"model": "contenttypes.contenttype", "pk": 8, "fields": {"app_label": "dcp", "model": "invite"}}, {"model": "contenttypes.contenttype", "pk": 9, "fields": {"app_label": "dcp", "model": "ngoinvite"}}, {"model": "contenttypes.contenttype", "pk": 10, "fields": {"app_label": "dcp", "model": "governmentinvite"}}, {"model": "contenttypes.contenttype", "pk": 11, "fields": {"app_label": "dcp", "model": "comment_relation"}}, {"model": "contenttypes.contenttype", "pk": 12, "fields": {"app_label": "dcp", "model": "comment"}}, {"model": "contenttypes.contenttype", "pk": 13, "fields": {"app_label": "dcp", "model": "ngomember"}}, {"model": "contenttypes.contenttype", "pk": 14, "fields": {"app_label": "dcp", "model": "governmentmember"}}, {"model": "contenttypes.contenttype", "pk": 15, "fields": {"app_label": "dcp", "model": "categorysgoods"}}, {"model": "contenttypes.contenttype", "pk": 16, "fields": {"app_label": "dcp", "model": "bump_relation"}}, {"model": "contenttypes.contenttype", "pk": 17, "fields": {"app_label": "dcp", "model": "report_relation"}}, {"model": "contenttypes.contenttype", "pk": 18, "fields": {"app_label": "dcp", "model": "bump"}}, {"model": "contenttypes.contenttype", "pk": 19, "fields": {"app_label": "dcp", "model": "report"}}, {"model": "contenttypes.contenttype", "pk": 20, "fields": {"app_label": "dcp", "model": "immaterial_goods"}}, {"model": "contenttypes.contenttype", "pk": 21, "fields": {"app_label": "dcp", "model": "search_material"}}, {"model": "contenttypes.contenttype", "pk": 22, "fields": {"app_label": "dcp", "model": "offer_material"}}, {"model": "contenttypes.contenttype", "pk": 23, "fields": {"app_label": "dcp", "model": "search_immaterial"}}, {"model": "contenttypes.contenttype", "pk": 24, "fields": {"app_label": "dcp", "model": "offer_immaterial"}}, {"model": "contenttypes.contenttype", "pk": 25, "fields": {"app_label": "dcp", "model": "conversation"}}, {"model": "contenttypes.contenttype", "pk": 26, "fields": {"app_label": "dcp", "model": "message"}}, {"model": "contenttypes.contenttype", "pk": 27, "fields": {"app_label": "dcp", "model": "missedpeople"}}, {"model": "contenttypes.contenttype", "pk": 28, "fields": {"app_label": "dcp", "model": "car"}}, {"model": "contenttypes.contenttype", "pk": 29, "fields": {"app_label": "dcp", "model": "special"}}, {"model": "contenttypes.contenttype", "pk": 30, "fields": {"app_label": "dcp", "model": "event"}}, {"model": "contenttypes.contenttype", "pk": 31, "fields": {"app_label": "admin", "model": "logentry"}}, {"model": "contenttypes.contenttype", "pk": 32, "fields": {"app_label": "auth", "model": "permission"}}, {"model": "contenttypes.contenttype", "pk": 33, "fields": {"app_label": "auth", "model": "group"}}, {"model": "contenttypes.contenttype", "pk": 34, "fields": {"app_label": "auth", "model": "user"}}, {"model": "contenttypes.contenttype", "pk": 35, "fields": {"app_label": "contenttypes", "model": "contenttype"}}, {"model": "contenttypes.contenttype", "pk": 36, "fields": {"app_label": "sessions", "model": "session"}}, {"model": "sessions.session", "pk": "rakuczd7x2gzvloa3ovmmc7c7dwgfv00", "fields": {"session_data": "MTYzZTdlNWJkNzdhNzgzNTc2MThhNWNhYzc5ODk5NzhhMGUxN2UyZTp7Il9hdXRoX3VzZXJfaWQiOiIxIiwiX2F1dGhfdXNlcl9iYWNrZW5kIjoiZGphbmdvLmNvbnRyaWIuYXV0aC5iYWNrZW5kcy5Nb2RlbEJhY2tlbmQiLCJfYXV0aF91c2VyX2hhc2giOiJlODk0MjgzZGFkNjhkMWFhNTc3NGI2YmJmM2NmNDI2Nzk4ODNkNmUxIn0=", "expire_date": "2016-07-16T12:30:08.837Z"}}, {"model": "auth.permission", "pk": 1, "fields": {"name": "Can add area", "content_type": 1, "codename": "add_area"}}, {"model": "auth.permission", "pk": 2, "fields": {"name": "Can change area", "content_type": 1, "codename": "change_area"}}, {"model": "auth.permission", "pk": 3, "fields": {"name": "Can delete area", "content_type": 1, "codename": "delete_area"}}, {"model": "auth.permission", "pk": 4, "fields": {"name": "Can add government", "content_type": 2, "codename": "add_government"}}, {"model": "auth.permission", "pk": 5, "fields": {"name": "Can change government", "content_type": 2, "codename": "change_government"}}, {"model": "auth.permission", "pk": 6, "fields": {"name": "Can delete government", "content_type": 2, "codename": "delete_government"}}, {"model": "auth.permission", "pk": 7, "fields": {"name": "Can add ngo", "content_type": 3, "codename": "add_ngo"}}, {"model": "auth.permission", "pk": 8, "fields": {"name": "Can change ngo", "content_type": 3, "codename": "change_ngo"}}, {"model": "auth.permission", "pk": 9, "fields": {"name": "Can delete ngo", "content_type": 3, "codename": "delete_ngo"}}, {"model": "auth.permission", "pk": 10, "fields": {"name": "Can add government area", "content_type": 4, "codename": "add_governmentarea"}}, {"model": "auth.permission", "pk": 11, "fields": {"name": "Can change government area", "content_type": 4, "codename": "change_governmentarea"}}, {"model": "auth.permission", "pk": 12, "fields": {"name": "Can delete government area", "content_type": 4, "codename": "delete_governmentarea"}}, {"model": "auth.permission", "pk": 13, "fields": {"name": "Can add ngo area", "content_type": 5, "codename": "add_ngoarea"}}, {"model": "auth.permission", "pk": 14, "fields": {"name": "Can change ngo area", "content_type": 5, "codename": "change_ngoarea"}}, {"model": "auth.permission", "pk": 15, "fields": {"name": "Can delete ngo area", "content_type": 5, "codename": "delete_ngoarea"}}, {"model": "auth.permission", "pk": 16, "fields": {"name": "Can add catastrophe", "content_type": 6, "codename": "add_catastrophe"}}, {"model": "auth.permission", "pk": 17, "fields": {"name": "Can change catastrophe", "content_type": 6, "codename": "change_catastrophe"}}, {"model": "auth.permission", "pk": 18, "fields": {"name": "Can delete catastrophe", "content_type": 6, "codename": "delete_catastrophe"}}, {"model": "auth.permission", "pk": 19, "fields": {"name": "Kann eine Katastrophe editieren/l\u00f6schen", "content_type": 6, "codename": "EditCatastrophe"}}, {"model": "auth.permission", "pk": 20, "fields": {"name": "Kann eine Katastrophe erstellen", "content_type": 6, "codename": "CreateCatastrophe"}}, {"model": "auth.permission", "pk": 21, "fields": {"name": "Can add profile", "content_type": 7, "codename": "add_profile"}}, {"model": "auth.permission", "pk": 22, "fields": {"name": "Can change profile", "content_type": 7, "codename": "change_profile"}}, {"model": "auth.permission", "pk": 23, "fields": {"name": "Can delete profile", "content_type": 7, "codename": "delete_profile"}}, {"model": "auth.permission", "pk": 24, "fields": {"name": "Can add invite", "content_type": 8, "codename": "add_invite"}}, {"model": "auth.permission", "pk": 25, "fields": {"name": "Can change invite", "content_type": 8, "codename": "change_invite"}}, {"model": "auth.permission", "pk": 26, "fields": {"name": "Can delete invite", "content_type": 8, "codename": "delete_invite"}}, {"model": "auth.permission", "pk": 27, "fields": {"name": "Can add ngo invite", "content_type": 9, "codename": "add_ngoinvite"}}, {"model": "auth.permission", "pk": 28, "fields": {"name": "Can change ngo invite", "content_type": 9, "codename": "change_ngoinvite"}}, {"model": "auth.permission", "pk": 29, "fields": {"name": "Can delete ngo invite", "content_type": 9, "codename": "delete_ngoinvite"}}, {"model": "auth.permission", "pk": 30, "fields": {"name": "Can add government invite", "content_type": 10, "codename": "add_governmentinvite"}}, {"model": "auth.permission", "pk": 31, "fields": {"name": "Can change government invite", "content_type": 10, "codename": "change_governmentinvite"}}, {"model": "auth.permission", "pk": 32, "fields": {"name": "Can delete government invite", "content_type": 10, "codename": "delete_governmentinvite"}}, {"model": "auth.permission", "pk": 33, "fields": {"name": "Can add comment_ relation", "content_type": 11, "codename": "add_comment_relation"}}, {"model": "auth.permission", "pk": 34, "fields": {"name": "Can change comment_ relation", "content_type": 11, "codename": "change_comment_relation"}}, {"model": "auth.permission", "pk": 35, "fields": {"name": "Can delete comment_ relation", "content_type": 11, "codename": "delete_comment_relation"}}, {"model": "auth.permission", "pk": 36, "fields": {"name": "Can add comment", "content_type": 12, "codename": "add_comment"}}, {"model": "auth.permission", "pk": 37, "fields": {"name": "Can change comment", "content_type": 12, "codename": "change_comment"}}, {"model": "auth.permission", "pk": 38, "fields": {"name": "Can delete comment", "content_type": 12, "codename": "delete_comment"}}, {"model": "auth.permission", "pk": 39, "fields": {"name": "Can add ngo member", "content_type": 13, "codename": "add_ngomember"}}, {"model": "auth.permission", "pk": 40, "fields": {"name": "Can change ngo member", "content_type": 13, "codename": "change_ngomember"}}, {"model": "auth.permission", "pk": 41, "fields": {"name": "Can delete ngo member", "content_type": 13, "codename": "delete_ngomember"}}, {"model": "auth.permission", "pk": 42, "fields": {"name": "Can add government member", "content_type": 14, "codename": "add_governmentmember"}}, {"model": "auth.permission", "pk": 43, "fields": {"name": "Can change government member", "content_type": 14, "codename": "change_governmentmember"}}, {"model": "auth.permission", "pk": 44, "fields": {"name": "Can delete government member", "content_type": 14, "codename": "delete_governmentmember"}}, {"model": "auth.permission", "pk": 45, "fields": {"name": "Can add categorys goods", "content_type": 15, "codename": "add_categorysgoods"}}, {"model": "auth.permission", "pk": 46, "fields": {"name": "Can change categorys goods", "content_type": 15, "codename": "change_categorysgoods"}}, {"model": "auth.permission", "pk": 47, "fields": {"name": "Can delete categorys goods", "content_type": 15, "codename": "delete_categorysgoods"}}, {"model": "auth.permission", "pk": 48, "fields": {"name": "Can add bump_ relation", "content_type": 16, "codename": "add_bump_relation"}}, {"model": "auth.permission", "pk": 49, "fields": {"name": "Can change bump_ relation", "content_type": 16, "codename": "change_bump_relation"}}, {"model": "auth.permission", "pk": 50, "fields": {"name": "Can delete bump_ relation", "content_type": 16, "codename": "delete_bump_relation"}}, {"model": "auth.permission", "pk": 51, "fields": {"name": "Can add report_ relation", "content_type": 17, "codename": "add_report_relation"}}, {"model": "auth.permission", "pk": 52, "fields": {"name": "Can change report_ relation", "content_type": 17, "codename": "change_report_relation"}}, {"model": "auth.permission", "pk": 53, "fields": {"name": "Can delete report_ relation", "content_type": 17, "codename": "delete_report_relation"}}, {"model": "auth.permission", "pk": 54, "fields": {"name": "Can add bump", "content_type": 18, "codename": "add_bump"}}, {"model": "auth.permission", "pk": 55, "fields": {"name": "Can change bump", "content_type": 18, "codename": "change_bump"}}, {"model": "auth.permission", "pk": 56, "fields": {"name": "Can delete bump", "content_type": 18, "codename": "delete_bump"}}, {"model": "auth.permission", "pk": 57, "fields": {"name": "Can add report", "content_type": 19, "codename": "add_report"}}, {"model": "auth.permission", "pk": 58, "fields": {"name": "Can change report", "content_type": 19, "codename": "change_report"}}, {"model": "auth.permission", "pk": 59, "fields": {"name": "Can delete report", "content_type": 19, "codename": "delete_report"}}, {"model": "auth.permission", "pk": 60, "fields": {"name": "Can add immaterial_ goods", "content_type": 20, "codename": "add_immaterial_goods"}}, {"model": "auth.permission", "pk": 61, "fields": {"name": "Can change immaterial_ goods", "content_type": 20, "codename": "change_immaterial_goods"}}, {"model": "auth.permission", "pk": 62, "fields": {"name": "Can delete immaterial_ goods", "content_type": 20, "codename": "delete_immaterial_goods"}}, {"model": "auth.permission", "pk": 63, "fields": {"name": "Can add search_ material", "content_type": 21, "codename": "add_search_material"}}, {"model": "auth.permission", "pk": 64, "fields": {"name": "Can change search_ material", "content_type": 21, "codename": "change_search_material"}}, {"model": "auth.permission", "pk": 65, "fields": {"name": "Can delete search_ material", "content_type": 21, "codename": "delete_search_material"}}, {"model": "auth.permission", "pk": 66, "fields": {"name": "Can add offer_ material", "content_type": 22, "codename": "add_offer_material"}}, {"model": "auth.permission", "pk": 67, "fields": {"name": "Can change offer_ material", "content_type": 22, "codename": "change_offer_material"}}, {"model": "auth.permission", "pk": 68, "fields": {"name": "Can delete offer_ material", "content_type": 22, "codename": "delete_offer_material"}}, {"model": "auth.permission", "pk": 69, "fields": {"name": "Can add search_ immaterial", "content_type": 23, "codename": "add_search_immaterial"}}, {"model": "auth.permission", "pk": 70, "fields": {"name": "Can change search_ immaterial", "content_type": 23, "codename": "change_search_immaterial"}}, {"model": "auth.permission", "pk": 71, "fields": {"name": "Can delete search_ immaterial", "content_type": 23, "codename": "delete_search_immaterial"}}, {"model": "auth.permission", "pk": 72, "fields": {"name": "Can add offer_ immaterial", "content_type": 24, "codename": "add_offer_immaterial"}}, {"model": "auth.permission", "pk": 73, "fields": {"name": "Can change offer_ immaterial", "content_type": 24, "codename": "change_offer_immaterial"}}, {"model": "auth.permission", "pk": 74, "fields": {"name": "Can delete offer_ immaterial", "content_type": 24, "codename": "delete_offer_immaterial"}}, {"model": "auth.permission", "pk": 75, "fields": {"name": "Can add conversation", "content_type": 25, "codename": "add_conversation"}}, {"model": "auth.permission", "pk": 76, "fields": {"name": "Can change conversation", "content_type": 25, "codename": "change_conversation"}}, {"model": "auth.permission", "pk": 77, "fields": {"name": "Can delete conversation", "content_type": 25, "codename": "delete_conversation"}}, {"model": "auth.permission", "pk": 78, "fields": {"name": "Can add message", "content_type": 26, "codename": "add_message"}}, {"model": "auth.permission", "pk": 79, "fields": {"name": "Can change message", "content_type": 26, "codename": "change_message"}}, {"model": "auth.permission", "pk": 80, "fields": {"name": "Can delete message", "content_type": 26, "codename": "delete_message"}}, {"model": "auth.permission", "pk": 81, "fields": {"name": "Can add missed people", "content_type": 27, "codename": "add_missedpeople"}}, {"model": "auth.permission", "pk": 82, "fields": {"name": "Can change missed people", "content_type": 27, "codename": "change_missedpeople"}}, {"model": "auth.permission", "pk": 83, "fields": {"name": "Can delete missed people", "content_type": 27, "codename": "delete_missedpeople"}}, {"model": "auth.permission", "pk": 84, "fields": {"name": "Can add car", "content_type": 28, "codename": "add_car"}}, {"model": "auth.permission", "pk": 85, "fields": {"name": "Can change car", "content_type": 28, "codename": "change_car"}}, {"model": "auth.permission", "pk": 86, "fields": {"name": "Can delete car", "content_type": 28, "codename": "delete_car"}}, {"model": "auth.permission", "pk": 87, "fields": {"name": "Can add special", "content_type": 29, "codename": "add_special"}}, {"model": "auth.permission", "pk": 88, "fields": {"name": "Can change special", "content_type": 29, "codename": "change_special"}}, {"model": "auth.permission", "pk": 89, "fields": {"name": "Can delete special", "content_type": 29, "codename": "delete_special"}}, {"model": "auth.permission", "pk": 90, "fields": {"name": "Can add event", "content_type": 30, "codename": "add_event"}}, {"model": "auth.permission", "pk": 91, "fields": {"name": "Can change event", "content_type": 30, "codename": "change_event"}}, {"model": "auth.permission", "pk": 92, "fields": {"name": "Can delete event", "content_type": 30, "codename": "delete_event"}}, {"model": "auth.permission", "pk": 93, "fields": {"name": "Can add log entry", "content_type": 31, "codename": "add_logentry"}}, {"model": "auth.permission", "pk": 94, "fields": {"name": "Can change log entry", "content_type": 31, "codename": "change_logentry"}}, {"model": "auth.permission", "pk": 95, "fields": {"name": "Can delete log entry", "content_type": 31, "codename": "delete_logentry"}}, {"model": "auth.permission", "pk": 96, "fields": {"name": "Can add permission", "content_type": 32, "codename": "add_permission"}}, {"model": "auth.permission", "pk": 97, "fields": {"name": "Can change permission", "content_type": 32, "codename": "change_permission"}}, {"model": "auth.permission", "pk": 98, "fields": {"name": "Can delete permission", "content_type": 32, "codename": "delete_permission"}}, {"model": "auth.permission", "pk": 99, "fields": {"name": "Can add group", "content_type": 33, "codename": "add_group"}}, {"model": "auth.permission", "pk": 100, "fields": {"name": "Can change group", "content_type": 33, "codename": "change_group"}}, {"model": "auth.permission", "pk": 101, "fields": {"name": "Can delete group", "content_type": 33, "codename": "delete_group"}}, {"model": "auth.permission", "pk": 102, "fields": {"name": "Can add user", "content_type": 34, "codename": "add_user"}}, {"model": "auth.permission", "pk": 103, "fields": {"name": "Can change user", "content_type": 34, "codename": "change_user"}}, {"model": "auth.permission", "pk": 104, "fields": {"name": "Can delete user", "content_type": 34, "codename": "delete_user"}}, {"model": "auth.permission", "pk": 105, "fields": {"name": "Can add content type", "content_type": 35, "codename": "add_contenttype"}}, {"model": "auth.permission", "pk": 106, "fields": {"name": "Can change content type", "content_type": 35, "codename": "change_contenttype"}}, {"model": "auth.permission", "pk": 107, "fields": {"name": "Can delete content type", "content_type": 35, "codename": "delete_contenttype"}}, {"model": "auth.permission", "pk": 108, "fields": {"name": "Can add session", "content_type": 36, "codename": "add_session"}}, {"model": "auth.permission", "pk": 109, "fields": {"name": "Can change session", "content_type": 36, "codename": "change_session"}}, {"model": "auth.permission", "pk": 110, "fields": {"name": "Can delete session", "content_type": 36, "codename": "delete_session"}}, {"model": "auth.user", "pk": 1, "fields": {"password": "pbkdf2_sha256$24000$tJBCPNdUAA0H$DkgrHq9+M5myZmtvJxtLR4kK+UlwwAPkocDBe1luEgo=", "last_login": "2016-07-02T12:30:08.834Z", "is_superuser": true, "username": "admin", "first_name": "", "last_name": "", "email": "admin@dcp.org", "is_staff": true, "is_active": true, "date_joined": "2016-07-02T11:14:20.981Z", "groups": [], "user_permissions": []}}, {"model": "auth.user", "pk": 2, "fields": {"password": "pbkdf2_sha256$24000$x4IMwqoLiMSq$NkPhP3vJXLTvloW9MA/bGLPkF95kLjhtRnhXIRUJgrk=", "last_login": "2016-07-02T12:16:04.611Z", "is_superuser": false, "username": "Alex", "first_name": "", "last_name": "", "email": "ab@c.de", "is_staff": false, "is_active": true, "date_joined": "2016-07-02T11:46:41.354Z", "groups": [], "user_permissions": []}}, {"model": "auth.user", "pk": 3, "fields": {"password": "pbkdf2_sha256$24000$siIpKtZWJpgh$yAgE3JRez4pZFYh+txsRtopiozWgy39GNW9h14+6krU=", "last_login": "2016-07-02T12:15:23.165Z", "is_superuser": false, "username": "Ben", "first_name": "", "last_name": "", "email": "ab@c.de", "is_staff": false, "is_active": true, "date_joined": "2016-07-02T11:46:56.144Z", "groups": [], "user_permissions": []}}, {"model": "auth.user", "pk": 4, "fields": {"password": "pbkdf2_sha256$24000$rKTCoji0dIo1$3CvRnrRCUdH0MqhpFv30YoF4zYhqVAoSR/rsKyVlxoo=", "last_login": "2016-07-02T12:16:34.050Z", "is_superuser": false, "username": "Becky", "first_name": "", "last_name": "", "email": "ab@c.de", "is_staff": false, "is_active": true, "date_joined": "2016-07-02T11:47:54.100Z", "groups": [], "user_permissions": []}}, {"model": "auth.user", "pk": 5, "fields": {"password": "pbkdf2_sha256$24000$UPPUHnZC1X2N$ltUt/qGXTZkONs5pEef5FKH+XsjHsAaBAkJ4gl8/oYU=", "last_login": "2016-07-02T12:24:15.271Z", "is_superuser": false, "username": "Dani", "first_name": "", "last_name": "", "email": "ab@c.de", "is_staff": false, "is_active": true, "date_joined": "2016-07-02T11:48:09.193Z", "groups": [], "user_permissions": []}}, {"model": "auth.user", "pk": 6, "fields": {"password": "pbkdf2_sha256$24000$7qahHRpSvNxC$UlzAFCz9h2ylOQquCE/nwjPqySN7RIxwNGxWGwAUekE=", "last_login": "2016-07-02T12:03:37.057Z", "is_superuser": false, "username": "Doro", "first_name": "", "last_name": "", "email": "ab@c.de", "is_staff": false, "is_active": true, "date_joined": "2016-07-02T11:48:23.902Z", "groups": [], "user_permissions": []}}, {"model": "auth.user", "pk": 7, "fields": {"password": "pbkdf2_sha256$24000$9ekD2JpLisON$Sz+c0GckiwJY2/p5OIcxNXlou5HBOZOylyMhS7cez0s=", "last_login": "2016-07-02T12:07:53.960Z", "is_superuser": false, "username": "Max", "first_name": "", "last_name": "", "email": "ab@c.de", "is_staff": false, "is_active": true, "date_joined": "2016-07-02T11:48:35.506Z", "groups": [], "user_permissions": []}}, {"model": "auth.user", "pk": 8, "fields": {"password": "pbkdf2_sha256$24000$yyV0sifla0l1$99Oo0YE3DbOFFdJ20mCPnxNQY6A/MLC088XBPPhCA9w=", "last_login": "2016-07-02T12:14:08.709Z", "is_superuser": false, "username": "Maja", "first_name": "", "last_name": "", "email": "ab@c.de", "is_staff": false, "is_active": true, "date_joined": "2016-07-02T11:53:28.102Z", "groups": [], "user_permissions": []}}, {"model": "auth.user", "pk": 9, "fields": {"password": "pbkdf2_sha256$24000$lacFWOGJxgif$CJZQjq7uVoQ4BjpzPK+PwJA2X/RdYwkwNaUA9Kf+uPU=", "last_login": "2016-07-02T12:09:46.716Z", "is_superuser": false, "username": "Tim", "first_name": "", "last_name": "", "email": "ab@c.de", "is_staff": false, "is_active": true, "date_joined": "2016-07-02T11:53:41.588Z", "groups": [], "user_permissions": []}}, {"model": "auth.user", "pk": 10, "fields": {"password": "pbkdf2_sha256$24000$Gdph7NPxZxjq$8lKMdWk0BOIvRbuhlaVNogxxLviU0P8iOYseqGrkFXQ=", "last_login": "2016-07-02T12:26:10.288Z", "is_superuser": false, "username": "Tom", "first_name": "", "last_name": "", "email": "ab@c.de", "is_staff": false, "is_active": true, "date_joined": "2016-07-02T11:53:59.375Z", "groups": [], "user_permissions": []}}, {"model": "auth.user", "pk": 11, "fields": {"password": "pbkdf2_sha256$24000$rLMA87gXWcw2$8vc83c7E18AfUX16X0h17o9JFSwpflW/t+gQIvWGK5s=", "last_login": null, "is_superuser": false, "username": "Ulla", "first_name": "", "last_name": "", "email": "ab@c.de", "is_staff": false, "is_active": true, "date_joined": "2016-07-02T11:54:23.380Z", "groups": [], "user_permissions": []}}, {"model": "dcp.missedpeople", "pk": 1, "fields": {"user": 4, "created_date": "2016-07-02T12:23:32.548Z", "title": "Lisa, 24 Jahre, Kreuzberg", "description": "W\u00e4hrend des Erdbebenbens im UBahnhof Mehringdamm verloren", "gender": "w", "age": 24, "name": "Lisa Lola Lotta Meyer", "size": 165, "eyeColor": "gr\u00fcn", "hairColor": "blond", "characteristics": "Tr\u00e4gt eine pinke Handtasche", "picture": "upload/people/Lisa_Feller_Pressefoto_1_klein.jpg"}}, {"model": "dcp.offer_immaterial", "pk": 1, "fields": {"timeline_badge_color": "red", "timeline_glyphicon": "glyphicon-transfer"}}, {"model": "dcp.offer_material", "pk": 1, "fields": {"user": 7, "catastrophe": 1, "title": "5 S\u00e4cke Kartoffeln", "description": "Ich habe noch 5 Kartoffels\u00e4cke an Bed\u00fcrftige abzugeben", "locationString": "Verband der Ersatzkassen e. V. (vdek), 1, Askanischer Platz, Kreuzberg, Friedrichshain-Kreuzberg, Berlin, 10963, Deutschland", "location_x": 52.5058778825925, "location_y": 13.380661010742188, "created_date": "2016-07-02T11:57:31.631Z", "image": "upload/goods/Kartoffeln_im_Sack_freigestellt.jpg", "comments": null, "bumps": 2, "reports": null, "visibility": true, "category": "Lebensmittel", "timeline_badge_color": "red", "timeline_glyphicon": "glyphicon-transfer"}}, {"model": "dcp.offer_material", "pk": 2, "fields": {"user": 10, "catastrophe": 1, "title": "Biete Stromaggregat", "description": "Betriebsart: Benzin / Stromaggregat / 4-Takt OHV GX 160 Benzinmotor / Max. Leistung (brutto) 5,5 PS (4,0 kW)", "locationString": "Brunnen Schwebender Ring, Strausberger Platz, Fhain, Friedrichshain-Kreuzberg, Berlin, 10243, Deutschland", "location_x": 52.51831005956184, "location_y": 13.428382873535156, "created_date": "2016-07-02T12:02:14.577Z", "image": "upload/goods/Tragbares_stromaggregat.jpg", "comments": null, "bumps": null, "reports": null, "visibility": true, "category": "Infrarstruktur", "timeline_badge_color": "red", "timeline_glyphicon": "glyphicon-transfer"}}, {"model": "dcp.search_material", "pk": 1, "fields": {"user": 6, "catastrophe": 1, "title": "Sauberes Trinkwasser", "description": "Mein Kind ben\u00f6tigt dringend Wasser. Bitte meldet euch!!!", "locationString": "69, Thomasstra\u00dfe, Rollbergsiedlung, Neuk\u00f6lln, Berlin, 12053, Deutschland", "location_x": 52.47274306920925, "location_y": 13.4307861328125, "created_date": "2016-07-02T12:07:27.603Z", "image": "", "comments": null, "bumps": 1, "reports": null, "visibility": true, "category": "Trinkwasser", "radius": 5, "timeline_badge_color": "blue", "timeline_glyphicon": "glyphicon-search"}}, {"model": "dcp.search_material", "pk": 2, "fields": {"user": 8, "catastrophe": 1, "title": "Ihr seid alle doof", "description": "Meldet mich doch :P", "locationString": "State Highway 26, Wells Corner, Town of Augusta, Oneida County, New York, 13477, United States of America", "location_x": 43.00035, "location_y": -75.4999, "created_date": "2016-07-02T12:14:50.111Z", "image": "", "comments": null, "bumps": null, "reports": 1, "visibility": true, "category": "Werkzeug", "radius": 1000, "timeline_badge_color": "blue", "timeline_glyphicon": "glyphicon-search"}}, {"model": "dcp.search_material", "pk": 3, "fields": {"user": 10, "catastrophe": 1, "title": "Suche Quetschzange", "description": "Ich ben\u00f6tige eine Quetschzange um meine Elektronik zu reparieren. Hole Sie gern ab. Vielen Dank im Vorraus.\r\nTom", "locationString": "10, Sch\u00f6nstedtstra\u00dfe, Donaukiez, Neuk\u00f6lln, Berlin, 12043, Deutschland", "location_x": 52.48257113808005, "location_y": 13.437309265136719, "created_date": "2016-07-02T12:29:34.955Z", "image": "upload/goods/Crimpzange_awg_18-30_IMGP5361.jpg", "comments": null, "bumps": 3, "reports": null, "visibility": true, "category": "Werkzeug", "radius": 10, "timeline_badge_color": "blue", "timeline_glyphicon": "glyphicon-search"}}, {"model": "dcp.immaterial_goods", "pk": 1, "fields": {"user": 9, "catastrophe": 1, "title": "Eine Umarmung", "description": "Ich bin auch ganz lieb.", "locationString": "Deutsche Telekom, Baruther Stra\u00dfe, Kreuzberg, Friedrichshain-Kreuzberg, Berlin, 10961, Deutschland", "location_x": 52.49417379714532, "location_y": 13.388557434082031, "created_date": "2016-07-02T12:13:40.706Z", "image": "", "comments": null, "bumps": null, "reports": null, "visibility": true}}, {"model": "dcp.report", "pk": 1, "fields": {"user": 3, "relation": 1, "date_created": "2016-07-02T12:15:33.686Z"}}, {"model": "dcp.report", "pk": 2, "fields": {"user": 2, "relation": 1, "date_created": "2016-07-02T12:16:11.209Z"}}, {"model": "dcp.report", "pk": 3, "fields": {"user": 4, "relation": 1, "date_created": "2016-07-02T12:16:40.013Z"}}, {"model": "dcp.report", "pk": 4, "fields": {"user": 5, "relation": 1, "date_created": "2016-07-02T12:24:36.994Z"}}, {"model": "dcp.report", "pk": 5, "fields": {"user": 10, "relation": 1, "date_created": "2016-07-02T12:26:21.179Z"}}, {"model": "dcp.bump", "pk": 1, "fields": {"user": 6, "relation": 1, "date_created": "2016-07-02T12:07:39.996Z"}}, {"model": "dcp.bump", "pk": 2, "fields": {"user": 7, "relation": 1, "date_created": "2016-07-02T12:08:10.552Z"}}, {"model": "dcp.bump", "pk": 3, "fields": {"user": 7, "relation": 2, "date_created": "2016-07-02T12:08:20.844Z"}}, {"model": "dcp.bump", "pk": 4, "fields": {"user": 10, "relation": 3, "date_created": "2016-07-02T12:29:49.946Z"}}, {"model": "dcp.profile", "pk": 1, "fields": {"user": 1, "currentCatastrophe": 1, "show_map": true, "show_picture": true}}, {"model": "dcp.profile", "pk": 2, "fields": {"user": 2, "currentCatastrophe": null, "show_map": true, "show_picture": true}}, {"model": "dcp.profile", "pk": 3, "fields": {"user": 3, "currentCatastrophe": null, "show_map": true, "show_picture": true}}, {"model": "dcp.profile", "pk": 4, "fields": {"user": 4, "currentCatastrophe": null, "show_map": true, "show_picture": true}}, {"model": "dcp.profile", "pk": 5, "fields": {"user": 5, "currentCatastrophe": 1, "show_map": true, "show_picture": true}}, {"model": "dcp.profile", "pk": 6, "fields": {"user": 6, "currentCatastrophe": null, "show_map": true, "show_picture": true}}, {"model": "dcp.profile", "pk": 7, "fields": {"user": 7, "currentCatastrophe": 1, "show_map": true, "show_picture": true}}, {"model": "dcp.profile", "pk": 8, "fields": {"user": 8, "currentCatastrophe": null, "show_map": true, "show_picture": true}}, {"model": "dcp.profile", "pk": 9, "fields": {"user": 9, "currentCatastrophe": null, "show_map": true, "show_picture": true}}, {"model": "dcp.profile", "pk": 10, "fields": {"user": 10, "currentCatastrophe": 1, "show_map": true, "show_picture": true}}, {"model": "dcp.profile", "pk": 11, "fields": {"user": 11, "currentCatastrophe": null, "show_map": true, "show_picture": true}}]